Bib,FirstName,LastName,Wave,DOB,Gender
1,Sarah,Johnson,A,1992-03-15,female
2,Michael,Chen,A,1988-07-22,male
3,Emma,Rodriguez,A,1995-11-08,female
4,James,Williams,A,1985-04-17,male
5,Jessica,Brown,A,1990-09-30,female
6,David,Martinez,A,1987-12-05,male
7,Ashley,Garcia,A,1993-06-12,female
8,Christopher,Lee,A,1989-02-28,male
9,Amanda,Anderson,A,1991-08-19,female
10,Matthew,Taylor,A,1986-10-03,male
11,Emily,Thomas,A,1994-01-25,female
12,Daniel,Moore,A,1988-05-14,male
13,Rae,Duchac,A,2010-07-08,female
14,Ryan,White,A,1987-11-20,male
15,Nicole,Harris,A,1992-04-07,female
16,Brandon,Martin,A,1989-08-16,male
17,Samantha,Thompson,A,1993-02-11,female
18,Justin,Martinez,A,1986-09-23,male
19,Rachel,Robinson,A,1991-06-05,female
20,Ben,Duchac,A,1984-12-28,male
21,Megan,Lewis,A,1994-03-19,female
22,Tyler,Walker,A,1990-07-14,male
23,Brittany,Hall,A,1995-10-30,female
24,Jacob,Allen,A,1988-01-08,male
25,Stephanie,Young,A,1992-05-22,female
26,Andrew,Hernandez,A,1987-09-11,male
27,Michelle,King,A,1993-12-17,female
28,Joshua,Wright,A,1989-04-25,male
29,Jennifer,Lopez,A,1991-08-03,female
30,Nicholas,Hill,A,1986-11-28,male
31,Hannah,Scott,A,1994-02-14,female
32,Alexander,Green,A,1985-06-09,male
33,Olivia,Adams,A,2008-03-21,female
34,Ethan,Baker,A,2009-09-17,male
35,Madison,Gonzalez,B,1996-01-12,female
36,William,Nelson,B,1983-05-27,male
37,Sophia,Carter,B,1997-11-04,female
38,Benjamin,Mitchell,B,1984-07-19,male
39,Ava,Perez,B,1995-03-08,female
40,Mason,Roberts,B,1982-09-22,male
41,Isabella,Turner,B,1998-01-15,female
42,Logan,Phillips,B,1985-06-30,male
43,Mia,Campbell,B,1996-10-11,female
44,Lucas,Parker,B,1983-04-25,male
45,Charlotte,Evans,B,1997-08-07,female
46,Noah,Edwards,B,1984-12-19,male
47,Amelia,Collins,B,1995-02-03,female
48,Liam,Stewart,B,1982-07-28,male
49,Harper,Sanchez,B,1998-11-14,female
50,Elijah,Morris,B,1986-05-09,male
51,Evelyn,Rogers,B,1996-09-21,female
52,Oliver,Reed,B,1983-01-16,male
53,Abigail,Cook,B,1997-06-05,female
54,Carter,Morgan,B,1984-10-23,male
55,Emily,Bell,B,2007-02-18,female
56,Jackson,Murphy,B,1985-08-12,male
57,Elizabeth,Bailey,B,1996-12-29,female
58,Aiden,Rivera,B,1982-04-07,male
59,Sofia,Cooper,B,1998-09-15,female
60,Lucas,Richardson,B,1987-01-30,male
61,Avery,Cox,B,1995-07-11,n/a
62,Grayson,Howard,B,1983-11-24,male
63,Scarlett,Ward,B,1997-03-06,female
64,Jack,Torres,B,1984-08-18,male
65,Grace,Peterson,B,1996-12-02,female
66,Sebastian,Gray,B,1982-05-20,male
67,Chloe,Ramirez,B,1998-10-08,female
68,Henry,James,C,1980-01-14,male
69,Lily,Watson,C,1999-06-27,female
70,Owen,Brooks,C,1979-11-09,male
71,Zoey,Kelly,C,2000-03-23,female
72,Wyatt,Sanders,C,1981-08-16,male
73,Riley,Price,C,1998-12-31,n/a
74,Dylan,Bennett,C,1978-04-05,male
75,Aria,Wood,C,2001-09-19,female
76,Luke,Barnes,C,1980-02-11,male
77,Layla,Ross,C,1999-07-25,female
78,Gabriel,Henderson,C,1977-12-08,male
79,Nora,Coleman,C,2002-05-13,female
80,Isaac,Jenkins,C,1981-10-29,male
81,Hazel,Perry,C,1998-03-17,female
82,Julian,Powell,C,1976-08-02,male
83,Ellie,Long,C,2003-01-24,female
84,Caleb,Patterson,C,1982-06-10,male
85,Aubrey,Hughes,C,1999-11-06,female
86,Nathan,Flores,C,1975-04-19,male
87,Addison,Washington,C,2004-09-14,n/a
88,Samuel,Butler,C,1983-02-28,male
89,Bella,Simmons,C,2000-07-12,female
90,Aaron,Foster,C,1974-12-26,male
91,Brooklyn,Gonzales,C,2005-05-08,female
92,Cameron,Bryant,C,1984-10-21,male
93,Claire,Alexander,C,1999-03-05,female
94,Connor,Russell,C,1973-08-17,male
95,Natalie,Griffin,C,2006-01-30,female
96,Dylan,Diaz,C,1985-06-23,male
97,Peyton,Hayes,C,2000-11-11,n/a
98,Hunter,Myers,C,1972-04-14,male
99,Kaylee,Ford,C,2007-09-28,female
100,Landon,Hamilton,C,1986-02-09,male
